{"SimCLR-loss": 2.376836175842163, "l2-loss": 0.006840201323211659, "total-loss": 3.408770502072114, "fd_loss": 0.0, "ckd_loss": 0.0, "affinity_loss": 0.0, "rkd_loss": 0.8665874455334285, "valid_loss": 0.6315975032584584, "top-1": 67.3076923076923, "HTER": 32.575553157042634, "AUC": 75.14503507825148, "classifier_loss": 0.15850667910232472, "classifier_top1": 93.49459075927734, "_timestamp": 1724267713.8982518, "_runtime": 48544.58237886429, "_step": 129, "_wandb": {"runtime": 48770}}