{"SimCLR-loss": 4.197228166262309, "l2-loss": 0.007303708996041678, "total-loss": 7.419078004360199, "fd_loss": 0.0, "ckd_loss": 0.0, "affinity_loss": 0.0, "rkd_loss": 2.7496975513299304, "valid_loss": 1.0583217485654786, "top-1": 53.4965034965035, "HTER": 46.44158121964382, "AUC": 56.18928764166217, "classifier_loss": 0.4648485986640056, "classifier_top1": 77.4453125, "_timestamp": 1724219841.5234432, "_runtime": 672.2075703144073, "_step": 1}