{"SimCLR-loss": 2.364610338608424, "l2-loss": 0.007782758246937122, "total-loss": 3.3832601390587977, "fd_loss": 0.0, "ckd_loss": 0.0, "affinity_loss": 0.0, "rkd_loss": 0.8539670673967936, "valid_loss": 1.0566703261418018, "top-1": 74.82517482517483, "HTER": 25.114678899082566, "AUC": 82.47267943874799, "classifier_loss": 0.15689997672688408, "classifier_top1": 93.58052825927734, "_timestamp": 1724228339.5153577, "_runtime": 9170.199484825134, "_step": 25}